{"name":"PublisherName","id":114,"statistics":[{"quantity":33.0,"traffic":414.0,"orders":27.0,"costs":156.96999999999986,"order_amount_excluding_tax":956.6699999999998,"order_amount_including_tax":1160.5200000000002,"cex_amount":728.7091106560011,"ecpc":0.10000000000000077,"ccpo":1.9440816630057143,"bounce_rate":39.85507246376812,"conversion":6.521739130434782,"cpo":1.5333333333333452,"roas":22.107971014492573,"contribution":70.98467241681679,"croi":2.8853890358527647,"croas":16.6016693395168,"tos":290.4122222222222,"contributed":21.29540172504504,"views":0.0,"assists":30.0,"assist_ratio":7.246376811594203,"time_id":"20150401","profit":119.45510608430538,"cmargin":160.8551060843057},{"quantity":30.0,"traffic":394.0,"orders":25.0,"costs":165.22999999999996,"order_amount_excluding_tax":882.81,"order_amount_including_tax":1067.64,"cex_amount":673.8018214040233,"ecpc":0.10000000000000071,"ccpo":2.0362076560641635,"bounce_rate":41.62436548223351,"conversion":6.345177664974619,"cpo":1.5760000000000114,"roas":21.40634517766481,"contribution":64.49898807825511,"croi":2.4989632543962506,"croas":16.10156907116798,"tos":251.01182741116733,"contributed":19.349696423476534,"views":0.0,"assists":30.0,"assist_ratio":7.614213197969544,"time_id":"20150402","profit":98.45915222321298,"cmargin":137.85915222321327},{"quantity":19.0,"traffic":328.0,"orders":16.0,"costs":32.80000000000018,"order_amount_excluding_tax":741.2699999999998,"order_amount_including_tax":897.1,"cex_amount":702.7100964823073,"ecpc":0.10000000000000056,"ccpo":2.696612066342279,"bounce_rate":39.63414634146341,"conversion":4.878048780487805,"cpo":2.0500000000000114,"roas":21.599695121951086,"contribution":67.5745037621937,"croi":2.2298880779708354,"croas":20.4240883073873,"tos":125.3,"contributed":12.163410677194864,"views":0.0,"assists":18.0,"assist_ratio":5.487804878048781,"time_id":"20150403","profit":73.14032895744381,"cmargin":105.940328957444},{"quantity":17.0,"traffic":281.0,"orders":13.0,"costs":116.91,"order_amount_excluding_tax":294.81,"order_amount_including_tax":362.31000000000006,"cex_amount":284.7817909415504,"ecpc":0.10000000000000048,"ccpo":2.307629651549819,"bounce_rate":37.36654804270463,"conversion":4.6263345195729535,"cpo":2.1615384615384716,"roas":9.491459074733047,"contribution":76.10623302662538,"croi":1.6760861175381048,"croas":9.134583307528436,"tos":315.11978647686846,"contributed":12.17699728426006,"views":0.0,"assists":16.0,"assist_ratio":5.6939501779359425,"time_id":"20150404","profit":47.098019902820965,"cmargin":75.1980199028211},{"quantity":12.0,"traffic":222.0,"orders":12.0,"costs":130.7399999999999,"order_amount_excluding_tax":531.8199999999999,"order_amount_including_tax":644.1600000000001,"cex_amount":374.8865629465969,"ecpc":0.1000000000000002,"ccpo":2.217655774178645,"bounce_rate":45.04504504504504,"conversion":5.405405405405405,"cpo":1.8500000000000039,"roas":22.955855855855805,"contribution":77.0043902924831,"croi":1.9384802946201605,"croas":15.886782114711536,"tos":307.8880180180181,"contributed":10.010570738022802,"views":0.0,"assists":13.0,"assist_ratio":5.8558558558558556,"time_id":"20150405","profit":43.03426254056765,"cmargin":65.2342625405677},{"quantity":22.0,"traffic":307.0,"orders":17.0,"costs":167.42999999999995,"order_amount_excluding_tax":913.0999999999999,"order_amount_including_tax":1104.63,"cex_amount":674.44337325256,"ecpc":0.10000000000000055,"ccpo":2.3690573879936405,"bounce_rate":40.06514657980456,"conversion":5.537459283387622,"cpo":1.8058823529411865,"roas":28.74267100977182,"contribution":71.99300296393426,"croi":3.063118990855456,"croas":20.96883951962724,"tos":112.97,"contributed":12.958740533508166,"views":0.0,"assists":18.0,"assist_ratio":5.863192182410423,"time_id":"20150406","profit":94.03775301926302,"cmargin":124.7377530192632},{"quantity":23.0,"traffic":319.0,"orders":16.0,"costs":144.51999999999992,"order_amount_excluding_tax":606.5600000000002,"order_amount_including_tax":733.94,"cex_amount":426.9473177981353,"ecpc":0.10000000000000057,"ccpo":2.7131758839358326,"bounce_rate":37.93103448275862,"conversion":5.015673981191222,"cpo":1.9937500000000115,"roas":18.01442006269582,"contribution":65.31910565456529,"croi":2.722556332546098,"croas":12.38392845762172,"tos":109.51,"contributed":11.757439017821753,"views":0.0,"assists":18.0,"assist_ratio":5.6426332288401255,"time_id":"20150407","profit":86.84954700822104,"cmargin":118.74954700822121},{"quantity":25.0,"traffic":354.0,"orders":21.0,"costs":132.25,"order_amount_excluding_tax":812.4300000000001,"order_amount_including_tax":982.5600000000002,"cex_amount":875.8210354379106,"ecpc":0.10000000000000064,"ccpo":1.8536955726430413,"bounce_rate":35.31073446327684,"conversion":5.932203389830509,"cpo":1.6857142857142964,"roas":21.949999999999857,"contribution":65.85167884022805,"croi":3.0895011312791105,"croas":23.74070721576003,"tos":111.91499999999999,"contributed":19.09698686366613,"views":0.0,"assists":29.0,"assist_ratio":8.192090395480225,"time_id":"20150408","profit":109.36834004728121,"cmargin":144.76834004728144},{"quantity":35.0,"traffic":274.0,"orders":20.0,"costs":110.44999999999989,"order_amount_excluding_tax":1040.6399999999996,"order_amount_including_tax":1252.8500000000001,"cex_amount":819.5999859236326,"ecpc":0.10000000000000044,"ccpo":1.7372386999052556,"bounce_rate":36.86131386861314,"conversion":7.2992700729927,"cpo":1.3700000000000059,"roas":36.97956204379544,"contribution":60.66213893943488,"croi":6.113364321047242,"croas":28.912408245387923,"tos":99.11,"contributed":15.77215612425307,"views":0.0,"assists":26.0,"assist_ratio":9.48905109489051,"time_id":"20150409","profit":167.50618239669515,"cmargin":194.90618239669527},{"quantity":10.0,"traffic":227.0,"orders":10.0,"costs":108.28000000000002,"order_amount_excluding_tax":592.35,"order_amount_including_tax":717.6700000000001,"cex_amount":565.4070384152029,"ecpc":0.1000000000000002,"ccpo":2.3697074124268642,"bounce_rate":36.56387665198238,"conversion":4.405286343612335,"cpo":2.2700000000000045,"roas":25.094713656387615,"contribution":53.21800929928243,"croi":3.1819217864062255,"croas":23.90779904912783,"tos":108.21,"contributed":9.579241673870838,"views":0.0,"assists":18.0,"assist_ratio":7.929515418502203,"time_id":"20150410","profit":72.22962455142147,"cmargin":94.92962455142151},{"quantity":26.0,"traffic":276.0,"orders":19.0,"costs":139.23999999999987,"order_amount_excluding_tax":605.8199999999999,"order_amount_including_tax":735.82,"cex_amount":555.2281756791159,"ecpc":0.10000000000000044,"ccpo":1.6265913693331435,"bounce_rate":36.231884057971016,"conversion":6.884057971014493,"cpo":1.4526315789473747,"roas":20.949999999999903,"contribution":84.8399927614129,"croi":3.480979679543686,"croas":19.1169628869244,"tos":140.4,"contributed":16.96799855228258,"views":0.0,"assists":20.0,"assist_ratio":7.246376811594203,"time_id":"20150411","profit":96.07503915540615,"cmargin":123.67503915540627},{"quantity":4.0,"traffic":195.0,"orders":4.0,"costs":122.25999999999999,"order_amount_excluding_tax":103.61,"order_amount_including_tax":125.97,"cex_amount":97.00147096774194,"ecpc":0.10000000000000006,"ccpo":5.594114380899503,"bounce_rate":40.0,"conversion":2.051282051282051,"cpo":4.875000000000003,"roas":4.31333333333333,"contribution":69.71612903225807,"croi":0.4983195373541405,"croas":3.9744344086021477,"tos":100.55,"contributed":3.4858064516129033,"views":0.0,"assists":5.0,"assist_ratio":2.564102564102564,"time_id":"20150412","profit":9.717230978405745,"cmargin":29.217230978405755},{"quantity":19.0,"traffic":289.0,"orders":16.0,"costs":172.26000000000005,"order_amount_excluding_tax":483.33,"order_amount_including_tax":586.07,"cex_amount":450.7777602714094,"ecpc":0.10000000000000046,"ccpo":2.0992863111243056,"bounce_rate":46.36678200692042,"conversion":5.536332179930796,"cpo":1.8062500000000083,"roas":15.724221453287118,"contribution":65.55515886031964,"croi":2.48596670133416,"croas":14.597846376173264,"tos":93.045,